User ID,Total $ Bets,Total Payout,Total Profit,Highest Odds Wager,Lowest Odds Wager,Average Odds,ROI,Wins,Losses,Winning %,Total # of Bets,Total # of Single Bet,Total # Parlays,Total $ Bets Singles,Total $ Bets Parlays,Total Payout Singles,Total Payout Parlay,ROI Singles,ROI Parlays,Favorite Player,Overs,Unders,Bettor Rank
1,"$5,831.31","$4,333.64","-$1,497.67",19.62,1.56,5.05,-25.68%,13,38,25.49%,51,34,17,"$3,542.65","$2,288.66","$2,428.54","$1,905.10",-31.45%,-16.76%,,26,26,Casual
2,"$4,928.60","$5,428.31",$499.71,26.21,1.65,3.95,10.14%,17,26,39.53%,43,31,12,"$3,389.50","$1,539.10","$4,195.25","$1,233.06",23.77%,-19.88%,,21,27,Casual
3,"$5,476.90","$4,481.83",-$995.07,58.07,1.54,7.58,-18.17%,20,30,40.00%,50,34,16,"$3,659.22","$1,817.68","$3,595.33",$886.50,-1.75%,-51.23%,,25,25,Casual
4,"$4,968.78","$5,847.36",$878.58,38.46,1.6,4.46,17.68%,24,23,51.06%,47,39,8,"$4,293.57",$675.21,"$5,062.11",$785.25,17.90%,16.30%,,15,20,Casual
5,"$4,625.52","$6,290.35","$1,664.83",35.47,1.52,6.57,35.99%,18,24,42.86%,42,30,12,"$3,189.58","$1,435.94","$4,290.29","$2,000.06",34.51%,39.29%,,18,29,Casual
6,"$24,341.13","$19,784.00","-$4,557.13",39.20,1.53,4.96,-18.72%,19,31,38.00%,50,40,10,"$19,436.90","$4,904.23","$17,721.87","$2,062.13",-8.82%,-57.95%,,20,21,Whale
7,"$5,316.08","$5,820.58",$504.50,37.65,1.58,5.81,9.49%,23,25,47.92%,48,32,16,"$3,833.02","$1,483.06","$4,988.75",$831.83,30.15%,-43.91%,,25,28,Casual
8,"$4,974.53","$2,929.96","-$2,044.57",47.61,1.51,7.08,-41.10%,14,31,31.11%,45,29,16,"$3,215.15","$1,759.38","$2,682.29",$247.67,-16.57%,-85.92%,,26,24,Casual
9,"$7,061.64","$8,695.47","$1,633.83",54.12,1.57,6.51,23.14%,22,40,35.48%,62,40,22,"$4,520.16","$2,541.48","$5,757.07","$2,938.40",27.36%,15.62%,,37,40,Average
10,"$5,527.79","$5,195.20",-$332.59,35.14,1.53,4.85,-6.02%,21,33,38.89%,54,44,10,"$4,600.04",$927.75,"$5,195.20",$0.00,12.94%,-100.00%,,33,11,Casual
11,"$5,752.57","$5,396.19",-$356.38,32.70,1.55,5.44,-6.20%,20,29,40.82%,49,36,13,"$4,151.61","$1,600.96","$5,396.19",$0.00,29.98%,-100.00%,,22,26,Casual
12,"$4,771.23","$3,500.04","-$1,271.19",52.09,1.55,7.05,-26.64%,13,40,24.53%,53,36,17,"$3,273.02","$1,498.21","$2,465.86","$1,034.18",-24.66%,-30.97%,,23,27,Casual
13,"$5,141.09","$4,296.58",-$844.51,39.31,1.53,4.17,-16.43%,17,28,37.78%,45,38,7,"$4,397.17",$743.92,"$4,296.58",$0.00,-2.29%,-100.00%,,23,19,Casual
14,"$6,045.56","$7,303.52","$1,257.96",28.07,1.52,5.83,20.81%,16,43,27.12%,59,44,15,"$4,592.41","$1,453.15","$2,773.61","$4,529.91",-39.60%,211.73%,,36,31,Casual
15,"$3,684.27","$3,099.08",-$585.19,40.48,1.56,5.58,-15.88%,14,22,38.89%,36,24,12,"$2,490.23","$1,194.04","$2,753.06",$346.02,10.55%,-71.02%,,16,24,Casual
16,"$6,137.42","$5,299.65",-$837.77,33.11,1.53,6.36,-13.65%,20,34,37.04%,54,35,19,"$3,996.20","$2,141.22","$5,299.65",$0.00,32.62%,-100.00%,,34,35,Casual
17,"$6,585.93","$9,422.55","$2,836.62",30.01,1.5,4.70,43.07%,25,35,40.98%,61,41,20,"$4,129.19","$2,456.74","$4,016.73","$5,405.82",-2.72%,120.04%,,26,31,Average
18,"$4,755.12","$4,169.79",-$585.33,26.79,1.51,4.23,-12.31%,17,28,37.78%,45,37,8,"$4,043.91",$711.21,"$3,915.02",$254.77,-3.19%,-64.18%,,28,12,Casual
19,"$5,465.61","$13,389.35","$7,923.74",30.72,1.54,6.50,144.97%,25,24,51.02%,49,31,18,"$3,456.51","$2,009.10","$5,350.70","$8,038.65",54.80%,300.11%,,33,24,Casual
20,"$5,262.09","$6,305.20","$1,043.11",31.78,1.53,7.22,19.82%,21,36,36.84%,57,35,22,"$2,871.67","$2,390.42","$3,499.33","$2,805.87",21.86%,17.38%,,41,28,Casual
21,"$5,486.84","$7,012.49","$1,525.65",52.11,1.51,6.35,27.81%,20,32,38.46%,52,34,18,"$3,938.79","$1,548.05","$4,045.01","$2,967.48",2.70%,91.69%,,22,23,Casual
22,"$3,379.67","$4,832.45","$1,452.78",38.60,1.51,5.65,42.99%,13,19,40.63%,32,22,10,"$2,253.48","$1,126.19","$3,069.68","$1,762.77",36.22%,56.53%,,16,14,Casual
23,"$26,974.05","$35,823.59","$8,849.54",43.21,1.5,5.42,32.81%,21,32,39.62%,53,37,16,"$18,565.28","$8,408.77","$25,988.37","$9,835.22",39.98%,16.96%,,18,28,Whale
24,"$5,023.29","$5,290.71",$267.42,35.60,1.53,6.32,5.32%,17,31,35.42%,48,32,16,"$3,630.01","$1,393.28","$2,867.54","$2,423.17",-21.00%,73.92%,,25,19,Casual
25,"$5,434.54","$7,867.07","$2,432.53",29.87,1.57,4.32,44.76%,22,27,44.90%,49,40,9,"$4,393.65","$1,040.89","$5,856.71","$2,010.36",33.30%,93.14%,,21,26,Casual
26,"$4,416.50","$4,245.92",-$170.58,32.76,1.59,5.39,-3.86%,18,19,48.65%,37,26,11,"$2,878.58","$1,537.92","$4,245.92",$0.00,47.50%,-100.00%,,18,19,Casual
27,"$5,774.52","$7,832.16","$2,057.64",34.49,1.52,6.52,35.63%,18,37,32.73%,55,36,19,"$3,578.00","$2,196.52","$4,457.74","$3,374.42",24.59%,53.63%,,25,23,Casual
28,"$4,808.58","$3,337.49","-$1,471.09",45.16,1.58,5.90,-30.59%,16,28,36.36%,44,32,12,"$3,658.71","$1,149.87","$3,184.31",$153.18,-12.97%,-86.68%,,17,19,Casual
29,"$5,158.86","$3,721.04","-$1,437.82",38.04,1.6,5.73,-27.87%,14,35,28.00%,50,32,18,"$3,512.59","$1,646.27","$3,721.04",$0.00,5.93%,-100.00%,,21,25,Casual
30,"$4,694.59","$12,369.39","$7,674.80",39.10,1.54,7.30,163.48%,21,24,46.67%,45,27,18,"$2,427.55","$2,267.04","$3,008.50","$9,360.89",23.93%,312.91%,,22,18,Casual
31,"$5,490.86","$4,804.04",-$686.82,30.60,1.61,5.27,-12.51%,20,35,36.36%,55,39,16,"$4,148.00","$1,342.86","$4,804.04",$0.00,15.82%,-100.00%,,33,36,Casual
32,"$4,355.43","$3,529.69",-$825.74,34.54,1.53,5.65,-18.96%,13,26,32.50%,40,28,12,"$2,919.87","$1,435.56","$3,529.69",$0.00,20.89%,-100.00%,,26,15,Casual
33,"$5,823.69","$7,506.98","$1,683.29",31.95,1.58,5.07,28.90%,29,27,51.79%,56,40,16,"$3,824.92","$1,998.77","$5,761.85","$1,745.13",50.64%,-12.69%,,22,32,Casual
34,"$6,144.30","$6,025.42",-$118.88,64.27,1.52,6.10,-1.93%,18,35,33.96%,53,42,11,"$5,158.36",$985.94,"$4,744.06","$1,281.36",-8.03%,29.96%,,31,20,Casual
35,"$4,629.28","$9,598.54","$4,969.26",43.76,1.51,6.50,107.34%,20,22,47.62%,42,31,11,"$3,609.85","$1,019.43","$5,605.90","$3,992.64",55.29%,291.65%,,28,22,Casual
36,"$6,627.72","$8,344.58","$1,716.86",38.95,1.53,4.48,25.90%,28,29,49.12%,57,48,9,"$5,762.18",$865.54,"$8,033.53",$311.05,39.42%,-64.06%,,20,25,Average
37,"$5,507.13","$5,578.88",$71.75,40.86,1.54,6.59,1.30%,23,27,46.00%,50,36,14,"$3,747.57","$1,759.56","$5,578.88",$0.00,48.87%,-100.00%,,25,21,Casual
38,"$3,140.92","$3,537.86",$396.94,9.68,1.52,2.91,12.64%,14,17,45.16%,31,27,4,"$2,727.10",$413.82,"$3,537.86",$0.00,29.73%,-100.00%,,11,8,Casual
39,"$5,557.64","$6,985.36","$1,427.72",24.89,1.52,3.28,25.69%,29,26,52.73%,55,46,9,"$4,898.07",$659.57,"$6,935.76",$49.60,41.60%,-92.48%,,15,26,Casual
40,"$5,877.74","$9,204.39","$3,326.65",28.06,1.58,5.31,56.60%,25,26,49.02%,51,32,19,"$3,504.76","$2,372.98","$5,361.12","$3,843.27",52.97%,61.96%,,30,22,Casual
41,"$4,152.17","$5,748.58","$1,596.41",22.50,1.5,4.45,38.45%,19,28,39.58%,48,33,15,"$3,010.54","$1,141.63","$3,316.14","$2,432.44",10.15%,113.07%,,16,18,Casual
42,"$5,926.58","$10,385.81","$4,459.23",49.48,1.5,6.39,75.24%,25,35,41.67%,60,44,16,"$4,177.78","$1,748.80","$4,932.77","$5,453.04",18.07%,211.82%,,27,36,Casual
43,"$4,664.50","$6,358.85","$1,694.35",49.76,1.59,6.11,36.32%,18,31,36.73%,49,29,20,"$2,956.93","$1,707.57","$3,166.28","$3,192.57",7.08%,86.97%,,34,20,Casual
44,"$5,703.84","$8,610.11","$2,906.27",33.67,1.56,4.38,50.95%,20,32,38.46%,52,41,11,"$4,432.07","$1,271.77","$4,075.71","$4,534.40",-8.04%,256.54%,,26,17,Casual
45,"$4,492.46","$9,346.58","$4,854.12",53.60,1.63,5.48,108.05%,20,24,45.45%,44,30,14,"$3,102.60","$1,389.86","$3,972.85","$5,373.73",28.05%,286.64%,,22,28,Casual
46,"$20,225.89","$46,305.08","$26,079.19",33.46,1.51,9.89,128.94%,14,29,32.56%,43,24,19,"$11,949.87","$8,276.02","$10,923.63","$35,381.45",-8.59%,327.52%,,21,31,Whale
47,"$5,663.47","$7,682.05","$2,018.58",34.90,1.51,6.54,35.64%,23,27,46.00%,50,33,17,"$3,727.93","$1,935.54","$4,927.51","$2,754.54",32.18%,42.31%,,25,34,Casual
48,"$4,906.82","$6,720.54","$1,813.72",32.15,1.53,4.65,36.96%,24,24,50.00%,48,38,10,"$3,901.08","$1,005.74","$5,514.03","$1,206.51",41.35%,19.96%,,25,23,Casual
49,"$6,025.82","$13,443.97","$7,418.15",34.97,1.62,7.20,123.11%,18,37,32.14%,56,34,22,"$4,011.71","$2,014.11","$3,841.96","$9,602.01",-4.23%,376.74%,,31,27,Casual
50,"$5,091.41","$4,644.94",-$446.47,27.58,1.55,3.86,-8.77%,17,29,36.96%,46,31,15,"$3,482.54","$1,608.87","$3,762.83",$882.11,8.05%,-45.17%,,23,17,Casual
51,"$6,218.11","$7,327.80","$1,109.69",47.11,1.5,5.88,17.85%,29,30,48.33%,60,43,17,"$4,470.34","$1,747.77","$6,218.90","$1,108.90",39.11%,-36.55%,,27,24,Casual
52,"$4,208.61","$8,588.51","$4,379.90",51.39,1.71,6.82,104.07%,21,20,51.22%,41,28,13,"$2,900.08","$1,308.53","$4,454.90","$4,133.61",53.61%,215.90%,,33,20,Casual
53,"$6,355.68","$6,552.00",$196.32,38.33,1.53,6.39,3.09%,21,35,37.50%,56,37,19,"$4,047.89","$2,307.79","$3,875.02","$2,676.98",-4.27%,16.00%,,26,28,Casual
54,"$6,627.16","$8,524.46","$1,897.30",43.74,1.59,5.55,28.63%,27,37,42.19%,64,46,18,"$4,936.12","$1,691.04","$5,775.73","$2,748.73",17.01%,62.55%,,34,30,Average
55,"$19,275.35","$23,485.05","$4,209.70",34.24,1.53,4.62,21.84%,17,19,45.95%,37,28,9,"$14,126.90","$5,148.45","$18,047.49","$5,437.56",27.75%,5.62%,,16,12,High Roller
56,"$5,164.24","$3,788.15","-$1,376.09",29.43,1.5,5.07,-26.65%,14,33,29.79%,47,32,15,"$3,626.39","$1,537.85","$3,557.04",$231.11,-1.91%,-84.97%,,21,17,Casual
57,"$4,430.77","$6,862.19","$2,431.42",49.15,1.51,5.19,54.88%,18,25,41.86%,43,31,12,"$3,330.04","$1,100.73","$3,953.08","$2,909.11",18.71%,164.29%,,26,16,Casual
58,"$4,976.39","$6,113.66","$1,137.27",22.23,1.5,5.22,22.85%,17,29,36.17%,47,31,16,"$3,525.72","$1,450.67","$4,117.94","$1,995.72",16.80%,37.57%,,29,22,Casual
59,"$6,271.32","$6,438.55",$167.23,41.41,1.51,6.23,2.67%,14,41,25.00%,56,36,20,"$4,372.08","$1,899.24","$2,881.14","$3,557.41",-34.10%,87.31%,,30,26,Casual
60,"$4,994.01","$7,597.17","$2,603.16",27.58,1.55,5.08,52.13%,23,27,45.10%,51,35,16,"$3,534.62","$1,459.39","$4,348.07","$3,249.10",23.01%,122.63%,,30,22,Casual
61,"$5,395.64","$7,767.95","$2,372.31",36.57,1.57,5.78,43.97%,28,28,49.12%,57,42,15,"$4,446.02",$949.62,"$6,796.78",$971.17,52.87%,2.27%,,23,27,Casual
62,"$4,527.65","$2,665.54","-$1,862.11",44.45,1.53,6.69,-41.13%,13,33,28.26%,46,29,17,"$3,034.59","$1,493.06","$2,468.07",$197.47,-18.67%,-86.77%,,27,21,Casual
63,"$24,449.61","$18,999.26","-$5,450.35",22.38,1.55,4.18,-22.29%,22,33,40.00%,55,41,14,"$17,759.86","$6,689.75","$18,048.66",$950.60,1.63%,-85.79%,,24,26,Whale
64,"$5,968.05","$5,725.19",-$242.86,54.37,1.6,6.93,-4.07%,22,42,34.38%,64,43,21,"$4,167.98","$1,800.07","$4,497.86","$1,227.33",7.91%,-31.82%,,37,33,Casual
65,"$4,781.55","$5,546.69",$765.14,58.59,1.52,5.41,16.00%,16,28,36.36%,44,32,12,"$3,401.24","$1,380.31","$3,054.38","$2,492.31",-10.20%,80.56%,,23,20,Casual
66,"$5,823.39","$7,323.07","$1,499.68",25.74,1.5,4.81,25.75%,19,33,36.54%,52,38,14,"$4,544.86","$1,278.53","$4,788.20","$2,534.87",5.35%,98.26%,,23,23,Casual
67,"$6,210.64","$14,349.41","$8,138.77",41.41,1.52,6.37,131.05%,26,33,44.07%,59,39,20,"$4,200.58","$2,010.06","$4,411.87","$9,937.54",5.03%,394.39%,,37,37,Casual
68,"$4,961.96","$8,546.32","$3,584.36",28.33,1.58,4.28,72.24%,27,23,52.94%,51,34,17,"$3,244.68","$1,717.28","$4,650.27","$3,896.05",43.32%,126.87%,,27,27,Casual
69,"$3,794.90","$2,483.41","-$1,311.49",19.16,1.54,3.93,-34.56%,16,27,37.21%,43,32,11,"$2,518.32","$1,276.58","$2,346.31",$137.10,-6.83%,-89.26%,,11,27,Casual
70,"$4,994.01","$3,409.73","-$1,584.28",41.37,1.55,5.56,-31.72%,14,30,31.82%,44,31,13,"$3,594.57","$1,399.44","$2,535.28",$874.45,-29.47%,-37.51%,,26,19,Casual
71,"$4,588.59","$5,788.24","$1,199.65",45.83,1.51,5.64,26.14%,17,28,37.78%,45,36,9,"$3,880.26",$708.33,"$4,738.87","$1,049.37",22.13%,48.15%,,29,16,Casual
72,"$4,187.61","$6,084.18","$1,896.57",30.95,1.57,6.44,45.29%,15,26,36.59%,41,24,17,"$2,408.01","$1,779.60","$2,799.73","$3,284.45",16.27%,84.56%,,23,33,Casual
73,"$4,412.22","$6,508.87","$2,096.65",31.28,1.54,6.55,47.52%,13,25,34.21%,38,24,14,"$2,887.01","$1,525.21","$2,857.54","$3,651.33",-1.02%,139.40%,,23,23,Casual
74,"$4,587.47","$2,892.77","-$1,694.70",36.09,1.56,5.98,-36.94%,11,32,25.58%,43,29,14,"$3,176.76","$1,410.71","$2,892.77",$0.00,-8.94%,-100.00%,,25,16,Casual
75,"$5,587.23","$5,482.55",-$104.68,38.51,1.55,4.93,-1.87%,22,34,38.60%,57,46,11,"$4,317.82","$1,269.41","$4,311.85","$1,170.70",-0.14%,-7.78%,,26,23,Casual
76,"$5,638.98","$6,509.75",$870.77,45.63,1.57,6.85,15.44%,20,28,40.82%,49,30,19,"$3,368.32","$2,270.66","$4,958.46","$1,551.29",47.21%,-31.68%,,22,32,Casual
77,"$5,159.86","$5,518.51",$358.65,27.33,1.75,6.16,6.95%,15,30,33.33%,45,29,16,"$3,331.29","$1,828.57","$2,811.91","$2,706.60",-15.59%,48.02%,,21,26,Casual
78,"$6,036.62","$5,837.64",-$198.98,35.90,1.55,7.11,-3.30%,22,33,39.29%,56,35,21,"$3,754.63","$2,281.99","$3,735.84","$2,101.80",-0.50%,-7.90%,,20,41,Casual
79,"$5,195.92","$5,045.27",-$150.65,35.47,1.52,5.68,-2.90%,20,28,40.82%,49,35,14,"$3,727.86","$1,468.06","$4,196.57",$848.70,12.57%,-42.19%,,27,28,Casual
80,"$5,194.27","$7,204.44","$2,010.17",32.95,1.51,6.08,38.70%,18,28,38.30%,47,30,17,"$3,282.61","$1,911.66","$3,700.00","$3,504.44",12.72%,83.32%,,26,24,Casual
81,"$3,861.31","$7,237.54","$3,376.23",32.12,1.51,4.92,87.44%,18,20,47.37%,38,29,9,"$3,079.14",$782.17,"$4,751.95","$2,485.59",54.33%,217.78%,,16,15,Casual
82,"$6,404.27","$4,483.30","-$1,920.97",20.24,1.51,5.47,-30.00%,18,36,33.33%,54,35,19,"$4,047.69","$2,356.58","$4,203.04",$280.26,3.84%,-88.11%,,22,24,Casual
83,"$4,436.86","$4,417.31",-$19.55,45.61,1.5,5.62,-0.44%,19,21,47.50%,40,31,9,"$3,199.81","$1,237.05","$4,417.31",$0.00,38.05%,-100.00%,,18,12,Casual
84,"$6,095.32","$16,648.24","$10,552.92",54.06,1.59,6.87,173.13%,22,35,38.60%,57,38,19,"$3,873.53","$2,221.79","$5,110.73","$11,537.51",31.94%,419.29%,,39,29,Casual
85,"$5,736.87","$6,439.74",$702.87,45.34,1.54,6.10,12.25%,19,27,41.30%,46,32,14,"$4,103.83","$1,633.04","$5,352.52","$1,087.22",30.43%,-33.42%,,22,28,Casual
86,"$6,381.26","$7,378.13",$996.87,46.21,1.54,4.11,15.62%,24,31,42.86%,56,46,10,"$5,031.61","$1,349.65","$5,861.21","$1,516.92",16.49%,12.39%,,21,16,Casual
87,"$5,542.29","$8,432.06","$2,889.77",42.44,1.52,4.56,52.14%,26,23,53.06%,49,37,12,"$4,342.80","$1,199.49","$5,304.31","$3,127.75",22.14%,160.76%,,32,25,Casual
88,"$5,128.71","$4,328.45",-$800.26,30.04,1.55,5.19,-15.60%,21,32,38.89%,54,34,20,"$2,939.25","$2,189.46","$3,652.87",$675.58,24.28%,-69.14%,,26,21,Casual
89,"$5,722.92","$5,061.93",-$660.99,29.81,1.5,5.54,-11.55%,23,32,41.82%,55,40,15,"$4,132.10","$1,590.82","$5,061.93",$0.00,22.50%,-100.00%,,26,29,Casual
90,"$6,474.46","$7,731.81","$1,257.35",35.98,1.52,4.70,19.42%,26,31,44.83%,58,44,14,"$5,161.82","$1,312.64","$6,100.26","$1,631.55",18.18%,24.30%,,31,29,Casual
91,"$24,324.73","$55,769.64","$31,444.91",45.83,1.61,6.32,129.27%,21,30,41.18%,51,34,17,"$16,616.00","$7,708.73","$20,448.27","$35,321.37",23.06%,358.20%,,17,40,Whale
92,"$5,865.57","$8,926.95","$3,061.38",37.79,1.52,4.22,52.19%,30,25,54.55%,55,44,11,"$4,720.98","$1,144.59","$6,308.13","$2,618.82",33.62%,128.80%,,21,25,Casual
93,"$21,776.13","$23,302.75","$1,526.62",28.29,1.51,5.05,7.01%,18,26,40.91%,44,32,12,"$16,969.69","$4,806.44","$20,346.27","$2,956.48",19.90%,-38.49%,,28,20,Whale
94,"$26,650.61","$56,546.13","$29,895.52",38.76,1.51,5.61,112.18%,23,31,42.59%,54,37,17,"$19,318.66","$7,331.95","$22,279.46","$34,266.67",15.33%,367.36%,,34,28,Whale
95,"$19,546.50","$21,348.36","$1,801.86",48.53,1.5,5.65,9.22%,23,26,46.00%,50,35,15,"$13,038.88","$6,507.62","$18,869.44","$2,478.92",44.72%,-61.91%,,24,26,High Roller
96,"$6,028.21","$5,189.46",-$838.75,32.75,1.6,6.22,-13.91%,18,36,33.33%,54,32,22,"$3,695.45","$2,332.76","$3,799.80","$1,389.66",2.82%,-40.43%,,20,26,Casual
97,"$5,552.38","$5,992.94",$440.56,43.10,1.6,6.24,7.93%,18,31,36.00%,50,35,15,"$4,327.19","$1,225.19","$4,765.57","$1,227.37",10.13%,0.18%,,27,23,Casual
98,"$4,554.93","$5,814.67","$1,259.74",34.55,1.51,5.19,27.66%,15,28,34.09%,44,31,13,"$3,345.62","$1,209.31","$2,736.92","$3,077.75",-18.19%,154.50%,,22,21,Casual
99,"$4,214.49","$4,976.60",$762.11,23.14,1.55,4.46,18.08%,15,28,34.09%,44,31,13,"$3,115.52","$1,098.97","$2,893.42","$2,083.18",-7.13%,89.56%,,26,14,Casual
100,"$5,880.49","$8,305.24","$2,424.75",28.44,1.56,5.85,41.23%,22,31,39.29%,56,31,25,"$3,461.59","$2,418.90","$5,708.31","$2,596.93",64.90%,7.36%,,29,44,Casual
101,"$5,270.23","$3,743.51","-$1,526.72",26.10,1.54,4.47,-28.97%,16,32,33.33%,48,36,12,"$4,069.47","$1,200.76","$3,743.51",$0.00,-8.01%,-100.00%,,22,21,Casual
102,"$33,711.23","$50,045.70","$16,334.47",29.89,1.51,5.70,48.45%,22,35,38.60%,57,39,18,"$22,966.72","$10,744.51","$23,313.48","$26,732.22",1.51%,148.80%,,21,32,Whale
103,"$4,865.95","$5,532.51",$666.56,43.09,1.53,6.45,13.70%,17,28,36.96%,46,28,18,"$2,867.71","$1,998.24","$2,855.99","$2,676.52",-0.41%,33.94%,,21,25,Casual
104,"$5,066.96","$3,555.76","-$1,511.20",48.74,1.6,6.81,-29.82%,16,35,31.37%,51,34,17,"$3,000.43","$2,066.53","$2,282.09","$1,273.67",-23.94%,-38.37%,,22,27,Casual
105,"$3,680.11","$4,045.73",$365.62,16.93,1.55,4.16,9.94%,13,28,30.95%,42,32,10,"$2,732.53",$947.58,"$2,367.63","$1,678.10",-13.35%,77.09%,,11,20,Casual
106,"$3,805.13","$5,591.36","$1,786.23",33.66,1.51,4.22,46.94%,17,19,47.22%,36,29,7,"$3,042.13",$763.00,"$3,664.96","$1,926.40",20.47%,152.48%,,18,22,Casual
107,"$5,886.96","$8,798.44","$2,911.48",43.14,1.53,5.15,49.46%,24,31,42.86%,56,46,10,"$4,862.94","$1,024.02","$4,671.27","$4,127.17",-3.94%,303.04%,,23,24,Casual
108,"$4,813.03","$6,189.01","$1,375.98",32.31,1.61,5.31,28.59%,18,26,40.91%,44,30,14,"$3,236.89","$1,576.14","$3,968.49","$2,220.52",22.60%,40.88%,,21,20,Casual
109,"$5,915.11","$7,294.92","$1,379.81",40.27,1.54,4.38,23.33%,25,32,43.86%,57,45,12,"$4,843.52","$1,071.59","$5,006.33","$2,288.59",3.36%,113.57%,,24,23,Casual
110,"$20,021.74","$22,540.80","$2,519.06",51.83,1.51,6.53,12.58%,16,20,42.11%,38,24,14,"$14,704.58","$5,317.16","$17,040.91","$5,499.89",15.89%,3.44%,,12,16,Whale
111,"$4,700.06","$5,007.95",$307.89,39.25,1.53,8.28,6.55%,17,30,36.17%,47,27,20,"$2,816.48","$1,883.58","$3,631.64","$1,376.31",28.94%,-26.93%,,26,32,Casual
112,"$6,335.34","$5,843.64",-$491.70,44.13,1.5,5.54,-7.76%,21,34,38.18%,55,44,11,"$5,336.32",$999.02,"$5,769.06",$74.58,8.11%,-92.53%,,24,28,Casual
113,"$4,830.97","$2,493.43","-$2,337.54",26.29,1.51,4.39,-48.39%,11,32,24.44%,45,32,13,"$3,773.56","$1,057.41","$2,409.08",$84.35,-36.16%,-92.02%,,19,20,Casual
114,"$4,438.37","$4,923.91",$485.54,37.04,1.54,6.99,10.94%,12,29,29.27%,41,27,14,"$2,972.16","$1,466.21","$2,536.91","$2,387.00",-14.64%,62.80%,,27,21,Casual
115,"$4,907.62","$11,731.29","$6,823.67",35.44,1.58,6.42,139.04%,22,23,47.83%,46,28,18,"$3,257.88","$1,649.74","$5,060.37","$6,670.92",55.33%,304.36%,,28,23,Casual
116,"$3,768.71","$4,646.32",$877.61,27.97,1.56,4.35,23.29%,22,22,50.00%,44,31,13,"$2,430.76","$1,337.95","$3,440.08","$1,206.24",41.52%,-9.84%,,21,24,Casual
117,"$4,610.80","$5,569.17",$958.37,40.62,1.54,7.81,20.79%,18,34,34.62%,52,32,20,"$2,670.00","$1,940.80","$3,653.50","$1,915.67",36.84%,-1.29%,,30,32,Casual
118,"$5,369.40","$6,000.22",$630.82,45.73,1.5,5.31,11.75%,25,34,41.67%,60,42,18,"$4,053.04","$1,316.36","$5,525.64",$474.58,36.33%,-63.95%,,23,19,Casual
119,"$4,414.75","$4,218.60",-$196.15,45.21,1.59,6.61,-4.44%,18,26,40.91%,44,30,14,"$3,146.67","$1,268.08","$4,172.23",$46.37,32.59%,-96.34%,,25,24,Casual
120,"$3,864.88","$3,102.35",-$762.53,19.59,1.55,3.98,-19.73%,18,27,40.00%,45,33,12,"$2,922.40",$942.48,"$2,494.94",$607.41,-14.63%,-35.55%,,19,17,Casual
121,"$7,462.63","$7,083.56",-$379.07,51.42,1.55,5.98,-5.08%,16,50,24.24%,66,43,23,"$4,891.45","$2,571.18","$3,695.39","$3,388.17",-24.45%,31.77%,,37,41,Average
122,"$5,568.42","$5,200.05",-$368.37,38.40,1.51,7.42,-6.62%,20,33,37.74%,53,35,18,"$3,608.50","$1,959.92","$4,088.16","$1,111.89",13.29%,-43.27%,,31,30,Casual
123,"$5,563.62","$5,898.99",$335.37,29.24,1.5,4.52,6.03%,23,30,43.40%,53,40,13,"$4,276.81","$1,286.81","$5,752.78",$146.21,34.51%,-88.64%,,26,24,Casual
124,"$5,738.73","$6,543.42",$804.69,33.56,1.52,5.56,14.02%,19,33,36.54%,52,37,15,"$3,964.73","$1,774.00","$4,008.48","$2,534.94",1.10%,42.89%,,28,30,Casual
125,"$5,323.44","$5,078.51",-$244.93,26.56,1.52,3.86,-4.60%,18,31,36.00%,50,40,10,"$4,384.84",$938.60,"$2,374.40","$2,704.11",-45.85%,188.10%,,18,24,Casual
126,"$5,969.61","$6,258.69",$289.08,30.53,1.52,5.28,4.84%,17,38,30.36%,56,35,21,"$4,105.93","$1,863.68","$4,244.82","$2,013.87",3.38%,8.06%,,30,19,Casual
127,"$4,980.78","$4,684.99",-$295.79,44.75,1.59,5.13,-5.94%,19,27,41.30%,46,34,12,"$3,561.28","$1,419.50","$4,210.59",$474.40,18.23%,-66.58%,,20,16,Casual
128,"$16,532.82","$10,789.74","-$5,743.08",29.63,1.52,3.82,-34.74%,13,25,33.33%,39,33,6,"$14,138.21","$2,394.61","$10,789.74",$0.00,-23.68%,-100.00%,,21,7,High Roller
129,"$7,135.49","$7,461.93",$326.44,48.29,1.54,5.88,4.57%,26,34,43.33%,60,45,15,"$5,000.94","$2,134.55","$6,350.15","$1,111.78",26.98%,-47.92%,,29,27,Average
130,"$4,327.93","$3,790.16",-$537.77,30.27,1.62,4.23,-12.43%,18,26,40.91%,44,35,9,"$3,302.98","$1,024.95","$3,084.37",$705.79,-6.62%,-31.14%,,17,14,Casual
131,"$5,021.33","$9,460.77","$4,439.44",33.33,1.54,6.79,88.41%,22,28,44.00%,50,35,15,"$3,604.64","$1,416.69","$3,723.81","$5,736.96",3.31%,304.96%,,22,28,Casual
132,"$4,956.80","$5,248.78",$291.98,55.86,1.8,9.51,5.89%,15,29,34.09%,44,28,16,"$2,985.81","$1,970.99","$4,106.90","$1,141.88",37.55%,-42.07%,,21,24,Casual
133,"$5,363.07","$8,153.03","$2,789.96",40.55,1.54,6.37,52.02%,18,24,41.86%,43,30,13,"$3,515.72","$1,847.35","$4,998.63","$3,154.40",42.18%,70.75%,,17,28,Casual
134,"$6,362.46","$8,648.40","$2,285.94",45.70,1.51,5.05,35.93%,28,27,50.00%,56,43,13,"$4,890.94","$1,471.52","$6,510.82","$2,137.58",33.12%,45.26%,,26,25,Casual
135,"$6,589.43","$6,143.54",-$445.89,52.46,1.62,4.49,-6.77%,29,35,44.62%,65,51,14,"$5,123.37","$1,466.06","$5,359.14",$784.40,4.60%,-46.50%,,23,21,Average
136,"$5,638.55","$5,358.06",-$280.49,39.65,1.53,6.95,-4.97%,19,33,35.85%,53,34,19,"$3,754.81","$1,883.74","$4,605.57",$752.49,22.66%,-60.05%,,30,31,Casual
137,"$6,729.77","$8,793.25","$2,063.48",16.44,1.52,4.08,30.66%,24,37,39.34%,61,44,17,"$4,627.16","$2,102.61","$5,672.56","$3,120.69",22.59%,48.42%,,33,27,Average
138,"$5,477.66","$5,388.61",-$89.05,30.83,1.56,4.19,-1.63%,22,31,41.51%,53,40,13,"$4,322.07","$1,155.59","$4,717.93",$670.68,9.16%,-41.96%,,24,31,Casual
139,"$5,618.47","$7,764.35","$2,145.88",43.09,1.64,7.91,38.19%,20,23,43.48%,46,26,20,"$3,552.02","$2,066.45","$5,888.80","$1,875.55",65.79%,-9.24%,,19,17,Casual
140,"$21,311.24","$14,992.81","-$6,318.43",37.27,1.69,8.02,-29.65%,14,27,34.15%,41,24,17,"$12,746.52","$8,564.72","$14,992.81",$0.00,17.62%,-100.00%,,31,19,Whale
141,"$6,460.16","$7,311.73",$851.57,61.00,1.54,7.24,13.18%,24,29,45.28%,53,33,20,"$3,991.50","$2,468.66","$7,075.44",$236.29,77.26%,-90.43%,,22,30,Casual
142,"$3,843.24","$2,731.81","-$1,111.43",30.08,1.55,4.92,-28.92%,16,27,37.21%,43,34,9,"$3,076.88",$766.36,"$2,458.70",$273.11,-20.09%,-64.36%,,16,25,Casual
143,"$5,939.49","$13,617.29","$7,677.80",35.07,1.56,6.15,129.27%,26,26,50.00%,52,35,17,"$3,911.37","$2,028.12","$6,473.23","$7,144.06",65.50%,252.25%,,31,24,Casual
144,"$4,848.35","$4,404.99",-$443.36,24.91,1.64,4.87,-9.14%,19,26,42.22%,45,30,15,"$3,185.23","$1,663.12","$3,358.16","$1,046.83",5.43%,-37.06%,,23,27,Casual
145,"$4,696.17","$6,244.29","$1,548.12",33.54,1.5,5.28,32.97%,17,28,36.96%,46,29,17,"$3,373.60","$1,322.57","$4,088.22","$2,156.07",21.18%,63.02%,,25,16,Casual
146,"$5,749.18","$5,305.33",-$443.85,36.39,1.55,7.54,-7.72%,21,37,36.21%,58,36,22,"$3,756.50","$1,992.68","$4,158.45","$1,146.88",10.70%,-42.45%,,29,29,Casual
147,"$34,151.53","$32,695.56","-$1,455.97",36.06,1.51,5.47,-4.26%,22,38,36.67%,60,38,22,"$22,394.06","$11,757.47","$20,747.88","$11,947.68",-7.35%,1.62%,,34,28,Whale
148,"$4,256.57","$2,755.76","-$1,500.81",64.68,1.54,5.20,-35.26%,16,31,33.33%,48,39,9,"$3,377.44",$879.13,"$2,755.76",$0.00,-18.41%,-100.00%,,13,19,Casual
149,"$5,285.42","$4,934.22",-$351.20,45.88,1.58,6.50,-6.64%,19,30,38.78%,49,36,13,"$3,955.97","$1,329.45","$3,803.96","$1,130.26",-3.84%,-14.98%,,29,30,Casual
150,"$6,531.81","$5,163.53","-$1,368.28",30.10,1.52,5.67,-20.95%,17,39,29.82%,57,39,18,"$4,573.01","$1,958.80","$4,024.52","$1,139.01",-11.99%,-41.85%,,27,42,Average
151,"$5,234.88","$4,880.18",-$354.70,37.19,1.52,5.63,-6.78%,20,29,40.00%,50,37,13,"$4,068.91","$1,165.97","$4,880.18",$0.00,19.94%,-100.00%,,25,27,Casual
152,"$6,528.28","$8,213.51","$1,685.23",37.61,1.57,5.32,25.81%,22,41,33.33%,66,43,23,"$4,218.30","$2,309.98","$4,130.51","$4,083.00",-2.08%,76.75%,,26,28,Average
153,"$5,726.50","$10,928.16","$5,201.66",44.88,1.5,6.71,90.83%,22,31,40.74%,54,38,16,"$4,261.60","$1,464.90","$5,057.03","$5,871.13",18.67%,300.79%,,25,31,Casual
154,"$5,015.75","$3,549.01","-$1,466.74",33.37,1.64,4.76,-29.24%,15,31,32.61%,46,35,11,"$3,573.24","$1,442.51","$3,549.01",$0.00,-0.68%,-100.00%,,20,17,Casual
155,"$6,201.34","$5,049.97","-$1,151.37",50.17,1.59,7.22,-18.57%,15,41,26.79%,56,39,17,"$4,311.15","$1,890.19","$3,638.52","$1,411.45",-15.60%,-25.33%,,28,21,Casual
156,"$4,923.41","$5,306.82",$383.41,55.93,1.57,5.94,7.79%,23,25,46.00%,50,34,16,"$3,587.78","$1,335.63","$4,752.18",$554.64,32.45%,-58.47%,,21,30,Casual
157,"$4,880.32","$6,240.59","$1,360.27",32.45,1.51,4.09,27.87%,17,27,38.64%,44,37,7,"$4,062.54",$817.78,"$4,439.06","$1,801.53",9.27%,120.30%,,20,21,Casual
158,"$5,074.09","$7,907.25","$2,833.16",50.86,1.51,6.70,55.84%,20,25,43.48%,46,29,17,"$3,377.77","$1,696.32","$4,130.31","$3,776.94",22.28%,122.65%,,27,19,Casual
159,"$4,274.31","$4,590.72",$316.41,33.17,1.69,5.21,7.40%,17,25,39.53%,43,30,13,"$2,915.45","$1,358.86","$4,120.03",$470.69,41.32%,-65.36%,,22,16,Casual
160,"$4,844.43","$3,797.20","-$1,047.23",39.38,1.53,5.04,-21.62%,16,27,37.21%,43,33,10,"$3,596.77","$1,247.66","$3,702.05",$95.15,2.93%,-92.37%,,14,17,Casual
161,"$5,172.58","$5,917.60",$745.02,33.87,1.6,6.35,14.40%,18,30,37.50%,48,33,15,"$3,393.36","$1,779.22","$4,169.98","$1,747.62",22.89%,-1.78%,,18,28,Casual
162,"$20,017.68","$30,957.76","$10,940.08",49.70,1.63,9.03,54.65%,18,19,46.15%,39,24,15,"$12,358.96","$7,658.72","$15,038.41","$15,919.35",21.68%,107.86%,,30,28,Whale
163,"$4,568.50","$7,355.82","$2,787.32",41.54,1.55,7.44,61.01%,21,25,44.68%,47,31,16,"$2,871.64","$1,696.86","$3,911.73","$3,444.09",36.22%,102.97%,,35,19,Casual
164,"$4,480.74","$5,558.43","$1,077.69",22.73,1.66,4.23,24.05%,21,26,43.75%,48,38,10,"$3,852.63",$628.11,"$4,820.55",$737.88,25.12%,17.48%,,19,18,Casual
165,"$4,914.87","$4,598.20",-$316.67,34.80,1.55,5.81,-6.44%,17,28,36.96%,46,33,13,"$3,704.20","$1,210.67","$4,598.20",$0.00,24.13%,-100.00%,,18,21,Casual
166,"$6,198.85","$12,980.00","$6,781.15",34.99,1.6,8.55,109.39%,18,35,32.14%,56,29,27,"$3,070.35","$3,128.50","$3,193.14","$9,786.86",4.00%,212.83%,,37,38,Casual
167,"$6,610.66","$6,269.27",-$341.39,52.93,1.57,6.83,-5.16%,18,36,32.14%,56,30,26,"$3,907.18","$2,703.48","$4,381.59","$1,887.68",12.14%,-30.18%,,26,35,Average
168,"$6,400.04","$12,234.31","$5,834.27",42.12,1.63,9.38,91.16%,22,33,40.00%,55,31,24,"$3,805.50","$2,594.54","$5,400.75","$6,833.56",41.92%,163.38%,,37,36,Casual
169,"$5,083.99","$5,926.03",$842.04,38.46,1.52,5.66,16.56%,25,26,48.08%,52,39,13,"$3,841.02","$1,242.97","$5,625.15",$300.88,46.45%,-75.79%,,30,22,Casual
170,"$5,234.50","$4,808.15",-$426.35,26.19,1.51,4.66,-8.14%,20,24,40.82%,49,31,18,"$3,500.84","$1,733.66","$4,808.15",$0.00,37.34%,-100.00%,,16,14,Casual
171,"$4,743.23","$6,508.66","$1,765.43",36.72,1.58,6.04,37.22%,16,32,31.37%,51,33,18,"$3,020.74","$1,722.49","$4,102.27","$2,406.39",35.80%,39.70%,,29,27,Casual
172,"$29,624.94","$30,243.58",$618.64,68.01,1.53,5.79,2.09%,26,33,43.33%,60,45,15,"$21,709.11","$7,915.83","$27,813.87","$2,429.71",28.12%,-69.31%,,26,24,Whale
173,"$6,328.69","$6,688.97",$360.28,22.96,1.52,4.53,5.69%,22,38,36.07%,61,44,17,"$4,621.21","$1,707.48","$4,507.58","$2,181.39",-2.46%,27.75%,,30,23,Casual
174,"$5,235.24","$12,876.61","$7,641.37",39.29,1.53,6.36,145.96%,25,25,50.00%,50,31,19,"$3,389.55","$1,845.69","$4,432.07","$8,444.54",30.76%,357.53%,,30,25,Casual
175,"$24,306.39","$33,765.58","$9,459.19",25.58,1.54,4.74,38.92%,23,25,46.00%,50,33,17,"$16,624.96","$7,681.43","$21,770.34","$11,995.24",30.95%,56.16%,,28,24,Whale
176,"$5,315.64","$8,201.73","$2,886.09",36.36,1.57,6.51,54.29%,20,31,37.04%,54,32,22,"$3,413.33","$1,902.31","$4,227.50","$3,974.23",23.85%,108.92%,,22,28,Casual
177,"$5,690.08","$7,083.52","$1,393.44",52.32,1.5,8.58,24.49%,22,36,37.93%,58,35,23,"$3,720.70","$1,969.38","$3,844.34","$3,239.18",3.32%,64.48%,,35,41,Casual
178,"$5,071.28","$6,175.76","$1,104.48",43.72,1.53,5.86,21.78%,20,25,44.44%,45,31,14,"$3,202.07","$1,869.21","$5,197.22",$978.54,62.31%,-47.65%,,29,23,Casual
179,"$5,726.16","$8,764.51","$3,038.35",52.03,1.52,5.21,53.06%,20,30,40.00%,50,30,20,"$3,432.47","$2,293.69","$4,202.08","$4,562.43",22.42%,98.91%,,25,23,Casual
180,"$4,952.61","$4,373.01",-$579.60,37.07,1.56,4.93,-11.70%,14,30,31.11%,45,29,16,"$3,144.07","$1,808.54","$2,722.85","$1,650.16",-13.40%,-8.76%,,18,23,Casual
181,"$6,050.70","$6,160.39",$109.69,36.15,1.6,5.47,1.81%,24,31,42.11%,57,42,15,"$4,200.61","$1,850.09","$5,175.09",$985.30,23.20%,-46.74%,,29,37,Casual
182,"$4,960.67","$15,147.10","$10,186.43",51.13,1.55,6.66,205.34%,24,27,46.15%,52,36,16,"$3,385.54","$1,575.13","$4,907.78","$10,239.32",44.96%,550.06%,,25,23,Casual
183,"$5,891.60","$9,326.32","$3,434.72",41.97,1.53,6.12,58.30%,22,34,38.60%,57,40,17,"$4,227.56","$1,664.04","$4,348.99","$4,977.33",2.87%,199.11%,,26,16,Casual
184,"$4,565.92","$6,199.92","$1,634.00",41.27,1.5,5.47,35.79%,19,24,42.22%,45,32,13,"$3,365.62","$1,200.30","$4,605.04","$1,594.88",36.83%,32.87%,,18,22,Casual
185,"$5,552.70","$4,771.12",-$781.58,42.96,1.5,6.84,-14.08%,18,42,30.00%,60,40,20,"$3,702.89","$1,849.81","$3,750.15","$1,020.97",1.28%,-44.81%,,33,42,Casual
186,"$4,741.41","$7,565.36","$2,823.95",30.74,1.6,4.84,59.56%,27,20,57.45%,47,31,16,"$3,210.45","$1,530.96","$5,588.49","$1,976.87",74.07%,29.13%,,27,23,Casual
187,"$4,690.07","$3,942.05",-$748.02,42.81,1.52,5.47,-15.95%,18,29,38.30%,47,35,12,"$3,389.87","$1,300.20","$3,942.05",$0.00,16.29%,-100.00%,,16,28,Casual
188,"$4,577.04","$5,665.15","$1,088.11",43.69,1.55,6.91,23.77%,13,28,29.55%,44,30,14,"$3,084.28","$1,492.76","$1,501.08","$4,164.07",-51.33%,178.95%,,16,24,Casual
189,"$6,277.95","$5,815.55",-$462.40,28.42,1.53,5.54,-7.37%,23,36,38.98%,59,40,19,"$4,262.18","$2,015.77","$5,815.55",$0.00,36.45%,-100.00%,,27,32,Casual
190,"$5,384.47","$4,803.71",-$580.76,25.47,1.5,4.82,-10.79%,21,25,44.68%,47,34,13,"$3,961.05","$1,423.42","$4,711.12",$92.59,18.94%,-93.50%,,17,25,Casual
191,"$5,061.06","$1,791.30","-$3,269.76",26.46,1.54,5.76,-64.61%,9,40,18.37%,49,35,14,"$3,612.75","$1,448.31","$1,791.30",$0.00,-50.42%,-100.00%,,24,19,Casual
192,"$6,185.48","$9,965.00","$3,779.52",27.38,1.51,5.14,61.10%,26,37,40.63%,64,43,21,"$4,088.03","$2,097.45","$4,918.33","$5,046.67",20.31%,140.61%,,33,39,Casual
193,"$5,746.88","$6,146.23",$399.35,42.83,1.51,4.83,6.95%,23,30,43.40%,53,40,13,"$4,593.12","$1,153.76","$5,385.55",$760.68,17.25%,-34.07%,,14,31,Casual
194,"$23,631.12","$67,631.42","$44,000.30",37.31,1.54,6.45,186.20%,17,26,38.64%,44,30,14,"$17,260.83","$6,370.29","$14,736.84","$52,894.58",-14.62%,730.33%,,15,31,Whale
195,"$6,045.50","$12,835.50","$6,790.00",30.70,1.51,5.39,112.31%,32,28,52.46%,61,42,19,"$4,014.16","$2,031.34","$5,880.79","$6,954.71",46.50%,242.37%,,33,26,Casual
196,"$6,228.61","$13,992.49","$7,763.88",39.31,1.52,4.66,124.65%,21,38,35.59%,59,47,12,"$4,907.20","$1,321.41","$3,823.17","$10,169.32",-22.09%,669.58%,,29,20,Casual
197,"$5,612.04","$4,915.67",-$696.37,39.76,1.52,7.03,-12.41%,12,37,24.00%,50,33,17,"$3,635.92","$1,976.12","$2,882.73","$2,032.94",-20.72%,2.88%,,28,26,Casual
198,"$4,325.94","$3,891.81",-$434.13,24.26,1.61,4.78,-10.04%,13,24,34.21%,38,27,11,"$3,296.99","$1,028.95","$3,790.41",$101.40,14.97%,-90.15%,,16,21,Casual
199,"$6,100.51","$7,255.37","$1,154.86",46.84,1.52,7.60,18.93%,17,40,29.82%,57,30,27,"$3,138.31","$2,962.20","$3,165.94","$4,089.43",0.88%,38.05%,,30,37,Casual
200,"$5,418.23","$5,603.22",$184.99,40.01,1.53,9.15,3.41%,16,32,32.65%,49,25,24,"$2,629.10","$2,789.13","$2,732.00","$2,871.22",3.91%,2.94%,,29,42,Casual
,"$6,985.74",,,,,,,,,,,,,,,,,,,,,,
,$69.86,,,,,,,,,,,,,,,,,,,,,,